"DESCRIPTION","DURATION IN MS","NAME","PARENT SUITE","START TIME","STATUS","STOP TIME","SUB SUITE","SUITE","TEST CLASS","TEST METHOD"
"","218","minPrice исключает заказ дешевле порога","","2026-09-27","passed","2026-09-27","","E2E: GET /orders — фильтры и пагинация","com.shawarmashop.tests.e2e.showcase.OrderQueryE2ETest","minPriceExcludesCheaperOrder"
"","233","PATCH несуществующего рецепта возвращает 404","","2026-09-27","passed","2026-09-27","","E2E: управление рецептами","com.shawarmashop.tests.e2e.showcase.RecipeManagementE2ETest","patchUnknownIs404"
"","5993","CANCEL переводит PENDING-заказ в CANCELLED","","2026-09-27","passed","2026-09-27","","UI · заказы","com.shawarmashop.tests.ui.tests.OrdersUiTest","cancelPendingOrderViaUi"
"","253","happy: застабленный rating оказывается в теле ответа /recipes/{id}","","2026-09-27","passed","2026-09-27","","Showcase: GraphQL reviews — rating мерджится в /recipes/{id}, GraphQL error → null","com.shawarmashop.tests.e2e.showcase.mocks.GraphQLReviewsShowcaseTest","ratingMergedIntoRecipe"
"","22646","заказ проходит полный жизненный цикл во всех каналах","","2026-09-27","passed","2026-09-27","","E2E: заказ PENDING → PAID → PREPARING → DONE","com.shawarmashop.tests.e2e.showcase.OrderLifecycleE2ETest","fullLifecycle"
"","6154","happy: pay → пекарня подтверждает → бэк дёргает gRPC ровно один раз","","2026-09-27","passed","2026-09-27","","Showcase: gRPC bread bakery — happy + UNAVAILABLE","com.shawarmashop.tests.e2e.showcase.mocks.GrpcBreadShowcaseTest","breadHappyPath"
"","9458","UNAVAILABLE: /pay → 202, заказ остаётся PAID, BREAD_RESERVATION_FAILED публикуется в Kafka","","2026-09-27","passed","2026-09-27","","Showcase: gRPC bread bakery — happy + UNAVAILABLE","com.shawarmashop.tests.e2e.showcase.mocks.GrpcBreadShowcaseTest","breadUnavailable"
"","4292","ACCEPTED создаёт invoice и публикует RESTOCK_PLACED","","2026-09-27","passed","2026-09-27","","Showcase: SOAP meat-supplier","com.shawarmashop.tests.e2e.showcase.mocks.SoapMeatShowcaseTest","restockAccepted"
"","5923","INFO открывает детали выбранного заказа","","2026-09-27","passed","2026-09-27","","UI · заказы","com.shawarmashop.tests.ui.tests.OrdersUiTest","infoOpensDetailsModal"
"","6079","PENDING-заказ отображается в канбане","","2026-09-27","passed","2026-09-27","","UI · заказы","com.shawarmashop.tests.ui.tests.OrdersUiTest","pendingOrderRendersInKanban"
"","207","minPrice и maxPrice ограничивают цену заказа","","2026-09-27","passed","2026-09-27","","E2E: GET /orders — фильтры и пагинация","com.shawarmashop.tests.e2e.showcase.OrderQueryE2ETest","filterByPriceRange"
"","465","тот же Idempotency-Key для другого заказа → 409","","2026-09-27","passed","2026-09-27","","E2E: сбои оплаты","com.shawarmashop.tests.e2e.showcase.PaymentFailuresE2ETest","idempotencyKeyIsScopedToOrder"
"","344","параметр size ограничивает размер страницы","","2026-09-27","passed","2026-09-27","","E2E: GET /orders — фильтры и пагинация","com.shawarmashop.tests.e2e.showcase.OrderQueryE2ETest","paginationRespectsSize"
"","349","повтор с тем же ключом не создаёт второй платёж","","2026-09-27","passed","2026-09-27","","E2E: сбои оплаты","com.shawarmashop.tests.e2e.showcase.PaymentFailuresE2ETest","declinedReplayIsIdempotent"
"","77","витрина рецептов доступна без JWT","","2026-09-27","passed","2026-09-27","","E2E: безопасность","com.shawarmashop.tests.e2e.showcase.SecurityE2ETests","publicRecipesReachableAnonymously"
"","4513","REJECTED публикует RESTOCK_FAILED","","2026-09-27","passed","2026-09-27","","Showcase: SOAP meat-supplier","com.shawarmashop.tests.e2e.showcase.mocks.SoapMeatShowcaseTest","restockRejected"
"","354","declined → 402, платёж FAILED, заказ остаётся PENDING","","2026-09-27","passed","2026-09-27","","E2E: сбои оплаты","com.shawarmashop.tests.e2e.showcase.PaymentFailuresE2ETest","declinedPaymentIs402"
"","31586","Создание заказа через меню отображает его в канбане со статусом PENDING","","2026-09-27","passed","2026-09-27","","com.shawarmashop.tests.ui.tests.CreateOrderUITest","com.shawarmashop.tests.ui.tests.CreateOrderUITest","createOrderViaMenuShowsInKanban"
"","5965","PAID → CANCELLED + ORDER_CANCELLED","","2026-09-27","passed","2026-09-27","","E2E: отмена заказа","com.shawarmashop.tests.e2e.showcase.OrderCancellationE2ETest","cancelFromPaid"
"","11354","PENDING → CANCELLED + ORDER_CANCELLED","","2026-09-27","passed","2026-09-27","","E2E: отмена заказа","com.shawarmashop.tests.e2e.showcase.OrderCancellationE2ETest","cancelFromPending"
"","218","status=PENDING возвращает только PENDING и содержит созданный заказ","","2026-09-27","passed","2026-09-27","","E2E: GET /orders — фильтры и пагинация","com.shawarmashop.tests.e2e.showcase.OrderQueryE2ETest","filterByStatus"
"","375","POST /image принимает JPEG и возвращает URL","","2026-09-27","passed","2026-09-27","","E2E: управление рецептами","com.shawarmashop.tests.e2e.showcase.RecipeManagementE2ETest","uploadImageHappy"
"","8624","PAY показывает PAYMENT OK и оплачивает заказ","","2026-09-27","passed","2026-09-27","","UI · заказы","com.shawarmashop.tests.ui.tests.OrdersUiTest","payPendingOrderViaUi"
"","15","невалидный JWT возвращает 401","","2026-09-27","passed","2026-09-27","","E2E: безопасность","com.shawarmashop.tests.e2e.showcase.SecurityE2ETests","invalidTokenIs401"
"","155","recipeId возвращает только заказы указанного рецепта","","2026-09-27","passed","2026-09-27","","E2E: GET /orders — фильтры и пагинация","com.shawarmashop.tests.e2e.showcase.OrderQueryE2ETest","filterByRecipeId"
"","7146","фильтр CANCELLED показывает отменённый заказ и скрывает PENDING","","2026-09-27","passed","2026-09-27","","UI · заказы","com.shawarmashop.tests.ui.tests.OrdersUiTest","filterByStatusHidesOthers"
"","382","PATCH обновляет имя, описание и цену","","2026-09-27","passed","2026-09-27","","E2E: управление рецептами","com.shawarmashop.tests.e2e.showcase.RecipeManagementE2ETest","patchUpdatesFields"
"","244","валидный JWT открывает защищённые ручки","","2026-09-27","passed","2026-09-27","","E2E: безопасность","com.shawarmashop.tests.e2e.showcase.SecurityE2ETests","validTokenAllowsAccess"
"","5086","Логин с неверным паролем показывает ошибку","","2026-09-27","passed","2026-09-27","","com.shawarmashop.tests.ui.tests.LoginUITests","com.shawarmashop.tests.ui.tests.LoginUITests","loginWithWrongPasswordShowsError"
"","5598","Логин с валидными учётными данными открывает меню","","2026-09-27","passed","2026-09-27","","com.shawarmashop.tests.ui.tests.LoginUITests","com.shawarmashop.tests.ui.tests.LoginUITests","loginWithValidCredentials"
"","73","login доступен анонимно и выдаёт JWT","","2026-09-27","passed","2026-09-27","","E2E: безопасность","com.shawarmashop.tests.e2e.showcase.SecurityE2ETests","loginIsPublic"
"","294","PATCH с занятым именем возвращает 409","","2026-09-27","passed","2026-09-27","","E2E: управление рецептами","com.shawarmashop.tests.e2e.showcase.RecipeManagementE2ETest","patchDuplicateNameIs409"
"","340","POST /image с неподдерживаемым типом возвращает 400","","2026-09-27","passed","2026-09-27","","E2E: управление рецептами","com.shawarmashop.tests.e2e.showcase.RecipeManagementE2ETest","uploadImageWrongTypeIs400"
"","703","webhook FAILED переводит PENDING-платёж в FAILED","","2026-09-27","passed","2026-09-27","","E2E: сбои оплаты","com.shawarmashop.tests.e2e.showcase.PaymentFailuresE2ETest","webhookFailedKeepsOrderUnpaid"
"","96","аноним получает 401 на защищённых ручках","","2026-09-27","passed","2026-09-27","","E2E: безопасность","com.shawarmashop.tests.e2e.showcase.SecurityE2ETests","protectedEndpointsRejectAnonymous"
"","379","GraphQL-ошибка партнёра на GET /reviews возвращает 502","","2026-09-27","passed","2026-09-27","","E2E: управление рецептами","com.shawarmashop.tests.e2e.showcase.RecipeManagementE2ETest","reviewsPartnerErrorIs502"
"","550","повторная отмена CANCELLED-заказа возвращает 400","","2026-09-27","passed","2026-09-27","","E2E: отмена заказа","com.shawarmashop.tests.e2e.showcase.OrderCancellationE2ETest","cancelTwiceIs400"
"","235","партнёр вернул GraphQL errors → recipe грузится с rating=null","","2026-09-27","passed","2026-09-27","","Showcase: GraphQL reviews — rating мерджится в /recipes/{id}, GraphQL error → null","com.shawarmashop.tests.e2e.showcase.mocks.GraphQLReviewsShowcaseTest","graphQLErrorFallsBackToNullRating"
